GaAs,GaSb,InSb,InAs,Eg_GaAs,Eg_GaAs3Sb1,Eg_GaAs2Sb2,Eg_GaAs1Sb3,Eg_GaSb,Eg_In1Ga3Sb,Eg_In2Ga2Sb,Eg_In3Ga1Sb,Eg_InSb,Eg_InAs1Sb3,Eg_InAs2Sb2,Eg_InAs3Sb1,Eg_InAs,Eg_In3Ga1As,Eg_In2Ga2As,Eg_In1Ga3As,meff_GaAs,meff_GaSb,meff_InSb,meff_InAs,loss
642,1235,454,0,1.517940047003461,0.7890039711645472,0.47536798489331794,0.5509303833236731,0.8141812194107652,0.2981595060127927,0.2109851242420821,0.24369967815896587,0.23333455157985997,0.13281318191138852,0.07810702788102582,0.2226206344324331,0.4176501571014782,0.5624861787593574,0.7017059246212103,0.9989311648522012,0.1500591534384168,0.14440575270768657,0.09080909970340205,0.09410003409211609,1.0785316354863588
1017,310,1256,1345,1.5204260886215577,0.9205704559828751,0.8319690682444452,0.8342256926301901,0.812865402440083,0.47295854755880457,0.2992472286968769,0.25561326227796993,0.2348839983902643,5.689222898563884e-10,0.0050406162884317025,1.6881434694915322e-09,0.41621816858309396,0.6489257881689693,0.7656911586205873,1.0790173587033371,0.16082011311840924,0.131422024400576,0.10324750768286821,0.1211146117908188,1.7742646177205181
