GaAs,GaSb,InSb,InAs,Eg_GaAs,Eg_GaAs3Sb1,Eg_GaAs2Sb2,Eg_GaAs1Sb3,Eg_GaSb,Eg_In1Ga3Sb,Eg_In2Ga2Sb,Eg_In3Ga1Sb,Eg_InSb,Eg_InAs1Sb3,Eg_InAs2Sb2,Eg_InAs3Sb1,Eg_InAs,Eg_In3Ga1As,Eg_In2Ga2As,Eg_In1Ga3As,meff_GaAs,meff_GaSb,meff_InSb,meff_InAs,loss
{'Ga-4p': np.float64(-0.56), 'As-4p': np.float64(4.36)},{'Ga-4p': np.float64(2.5), 'Sb-5p': np.float64(1.72)},{'In-5p': np.float64(-1.64), 'Sb-5p': np.float64(3.37)},{'In-5p': np.float64(-5.0), 'As-4p': np.float64(4.36)},1.517938341698624,0.7888495755866394,0.47502424248853387,0.5500603996544943,0.8118015399849912,0.2972557622973798,0.21018586462283403,0.24324581342292154,0.23368981841351313,0.1328145370412999,0.07811014279007412,0.22262234246221738,0.41765254966087323,0.5624860073713861,0.7020156299824977,0.9989289113844907,0.07466901326828833,0.046174072420630416,0.017681101843646883,0.026534678978649726,1.08076177059071
{'Ga-4p': np.float64(1.83), 'As-4p': np.float64(3.01)},{'Ga-4p': np.float64(-2.95), 'Sb-5p': np.float64(5.52)},{'In-5p': np.float64(3.55), 'Sb-5p': np.float64(0.57)},{'In-5p': np.float64(4.89), 'As-4p': np.float64(0.81)},1.5184880524692275,0.9199116764016106,0.8309643127473503,0.8328684522729287,0.8111713633419411,0.47150880486207597,0.29779132643365863,0.2537004535604559,0.23297704274840722,5.772513861357353e-10,0.005036224599646314,1.6573391059759857e-09,0.41920767526348146,0.6506484728741772,0.7663590657050608,1.078492055132541,0.07775672116925311,0.046932956192709506,0.01910401107901863,0.03341028190036068,1.7756637358678509
