# key,Eg
GaAs1Sb3,0.7976678029778461
GaAs2Sb2,0.8227919659179802
InSb,0.23364344323739808
In1Ga3As,1.088801355892604
GaAs3Sb1,1.111668613815089
InAs2Sb2,0.13934770129630258
In1Ga3Sb,0.45192487203531323
GaSb,0.813977398368945
InAs1Sb3,0.17581153737040514
GaAs,1.518851572612944
In2Ga2As,0.794022495068953
InAs3Sb1,0.22952521669069006
In2Ga2Sb,0.31895779765363075
InAs,0.4159084075262092
In3Ga1As,0.6155494176189088
In3Ga1Sb,0.2869488731161609
