# key,Eg
GaAs1Sb3,0.7453409658015764
GaAs2Sb2,0.6235019484090057
InSb,0.23527218694419716
In1Ga3As,0.8432570049137652
GaAs3Sb1,0.5714800826514743
InAs2Sb2,0.19614324856511717
In1Ga3Sb,0.3708034005652359
GaSb,0.810645868323654
InAs1Sb3,0.2098861024791403
GaAs,1.5190364994465948
In2Ga2As,0.5046126606787301
InAs3Sb1,0.2898626045027569
In2Ga2Sb,0.2736809545025672
InAs,0.4176501571014782
In3Ga1As,0.45766384146193934
In3Ga1Sb,0.2639501768976915
