# key,Eg
GaAs1Sb3,0.8342256926301901
GaAs2Sb2,0.8319690682444452
InSb,0.2348839983902643
In1Ga3As,1.0790173587033371
GaAs3Sb1,0.9205704559828751
InAs2Sb2,0.0050406162884317025
In1Ga3Sb,0.47295854755880457
GaSb,0.812865402440083
InAs1Sb3,5.689222898563884e-10
GaAs,1.5204260886215577
In2Ga2As,0.7656911586205873
InAs3Sb1,1.6881434694915322e-09
In2Ga2Sb,0.2992472286968769
InAs,0.41621816858309396
In3Ga1As,0.6489257881689693
In3Ga1Sb,0.25561326227796993
