# key,Eg
GaAs1Sb3,0.7998584428783599
GaAs2Sb2,0.7366148623969225
InSb,0.23363727003563858
In1Ga3As,1.0582628369463367
GaAs3Sb1,0.6960141006891845
InAs2Sb2,0.004962618248249166
In1Ga3Sb,0.4557934109706928
GaSb,0.8134110754414716
InAs1Sb3,1.2332243632395823e-09
GaAs,1.5190364994465948
In2Ga2As,0.7126622371571687
InAs3Sb1,8.235231563569202e-10
In2Ga2Sb,0.25167217133572173
InAs,0.41476308426944525
In3Ga1As,0.6556980238686735
In3Ga1Sb,0.19599008997244347
