# key,Eg
GaAs1Sb3,0.5492140785347437
GaAs2Sb2,0.4740590017770571
InSb,0.2350287511558184
In1Ga3As,1.0002467929243906
GaAs3Sb1,0.7884381942191913
InAs2Sb2,0.07894214676226999
In1Ga3Sb,0.2970673296014802
GaSb,0.8113813876071078
InAs1Sb3,0.1338634278977228
GaAs,1.519710121822197
In2Ga2As,0.7031137308497059
InAs3Sb1,0.22337590872733792
In2Ga2Sb,0.21036608749867342
InAs,0.4183889054416315
In3Ga1As,0.5634463814828093
In3Ga1Sb,0.24404320515878875
