# key,Eg
GaAs1Sb3,0.7172150758838827
GaAs2Sb2,0.6977811942160118
InSb,0.23552850147436336
In1Ga3As,0.9989289113844907
GaAs3Sb1,0.9363192034913831
InAs2Sb2,0.10454306082085756
In1Ga3Sb,0.37931771212157644
GaSb,0.8142563351347384
InAs1Sb3,0.145318118793088
GaAs,1.5179383416140266
In2Ga2As,0.7146058329452785
InAs3Sb1,0.23293059106819317
In2Ga2Sb,0.28740889199368286
InAs,0.41765254967714244
In3Ga1As,0.5624860073713861
In3Ga1Sb,0.27488814511678483
