# key,Eg
GaAs1Sb3,0.8328684522729287
GaAs2Sb2,0.8309643127473503
InSb,0.23297704274840722
In1Ga3As,1.078492055132541
GaAs3Sb1,0.9199116764016106
InAs2Sb2,0.005036224599646314
In1Ga3Sb,0.47150880486207597
GaSb,0.8111713633419411
InAs1Sb3,5.772513861357353e-10
GaAs,1.5184880524692275
In2Ga2As,0.7663590657050608
InAs3Sb1,1.6573391059759857e-09
In2Ga2Sb,0.29779132643365863
InAs,0.41920767526348146
In3Ga1As,0.6506484728741772
In3Ga1Sb,0.2537004535604559
